{"cameraMode":{"drawMode":0,"name":"Shaded","section":"Shading Mode"},"sceneLighting":false,"audioPlay":false,"sceneViewState":{"showFog":true,"showMaterialUpdate":false,"showSkybox":false,"showFlares":true,"showImageEffects":true,"showParticleSystems":true},"in2DMode":false,"pivot":{"x":0.4995054602622986,"y":0.1126059889793396,"z":0.08560394495725632},"rotation":{"x":-0.27020391821861269,"y":0.07672760635614395,"z":-0.021606920287013055,"w":-0.9595004916191101},"size":0.7686880826950073,"orthographic":true}